S0-T0,S0-T1,S0-T2,S0-T3,S0-T4,S0-T5,S0-T6,S0-T7,S0-T8,S0-T9,S1-T0,S1-T1,S1-T2,S1-T3,S1-T4,S1-T5,S1-T6,S1-T7,S1-T8,S1-T9,
de (0.055),is (0.037),is (0.023),is (0.031),film (0.018),is (0.051),movie (0.022),is (0.031),love (0.015),is (0.012),is (0.018),is (0.016),is (0.028),is (0.021),is (0.024),is (0.026),is (0.012),is (0.028),comedy (0.022),is (0.043),
que (0.035),no (0.010),too (0.022),too (0.011),more (0.013),film (0.018),is (0.017),movie (0.014),movie (0.013),little (0.010),character (0.010),awful (0.013),not (0.017),documentary (0.013),film (0.022),best (0.019),not (0.012),film (0.012),film (0.016),i (0.014),
y (0.030),performance (0.010),little (0.017),has (0.011),too (0.011),drama (0.011),not (0.012),too (0.013),too (0.011),film (0.010),down (0.010),fun (0.010),are (0.015),has (0.013),drama (0.010),film (0.019),least (0.009),movie (0.010),romantic (0.014),film (0.012),
la (0.025),hard (0.008),are (0.016),little (0.008),de (0.010),too (0.010),pretentious (0.011),film (0.012),is (0.011),writerdirector (0.010),thriller (0.010),amaro (0.009),film (0.013),nothing (0.011),quiet (0.010),films (0.015),since (0.009),not (0.007),is (0.014),cinematic (0.010),
es (0.023),too (0.008),more (0.013),are (0.008),between (0.009),are (0.008),mess (0.009),little (0.008),becomes (0.009),manages (0.007),chemistry (0.008),crimen (0.009),movies (0.013),funny (0.008),days (0.007),life (0.011),adaptation (0.007),has (0.006),been (0.012),still (0.010),
o (0.020),being (0.008),movie (0.010),movie (0.008),hard (0.008),cannes (0.008),lacking (0.008),not (0.008),mess (0.008),plot (0.007),le (0.008),del (0.009),without (0.013),air (0.008),director (0.007),years (0.011),classic (0.007),more (0.006),great (0.012),cool (0.008),
una (0.019),life (0.008),silly (0.009),right (0.008),far (0.007),festival (0.008),little (0.008),more (0.007),story (0.008),point (0.007),much (0.008),dont (0.009),funny (0.009),before (0.008),films (0.007),performance (0.009),film (0.007),are (0.006),never (0.012),documentary (0.008),
e (0.016),boring (0.007),film (0.009),dull (0.006),has (0.007),not (0.008),dont (0.008),are (0.007),empty (0.006),reality (0.007),right (0.008),el (0.009),divine (0.009),deeply (0.008),john (0.007),very (0.009),life (0.007),i (0.004),start (0.012),ever (0.008),
el (0.014),film (0.007),dull (0.007),another (0.006),movie (0.007),little (0.007),long (0.008),has (0.006),tragic (0.006),romance (0.007),study (0.008),padre (0.009),secrets (0.009),disturbing (0.008),neil (0.007),effective (0.008),old (0.007),story (0.004),finish (0.010),own (0.008),
un (0.012),movie (0.007),between (0.007),debut (0.006),series (0.007),despite (0.006),may (0.008),i (0.005),credibility (0.006),theres (0.007),turns (0.008),used (0.009),sisterhood (0.009),performances (0.008),robert (0.007),acting (0.008),raw (0.007),no (0.003),intelligent (0.008),pleasure (0.008),
um (0.011),dull (0.006),has (0.007),much (0.006),action (0.006),doesnt (0.006),really (0.008),much (0.005),depraved (0.006),version (0.007),complex (0.005),effective (0.007),yaya (0.009),psychologically (0.008),works (0.007),again (0.008),were (0.007),comedy (0.003),called (0.008),was (0.008),
em (0.010),almost (0.005),should (0.007),novel (0.006),been (0.006),everything (0.006),too (0.006),story (0.005),exercise (0.006),dull (0.005),visual (0.005),affection (0.006),moving (0.007),absorbing (0.006),intense (0.005),are (0.008),cult (0.005),characters (0.003),has (0.008),inventive (0.006),
del (0.010),are (0.005),such (0.007),comingofage (0.005),characters (0.006),films (0.006),bland (0.006),bad (0.005),heavy (0.006),hard (0.005),are (0.005),alagna (0.006),action (0.007),brilliant (0.006),1975 (0.005),easily (0.008),profound (0.005),much (0.003),movie (0.008),consistently (0.006),
en (0.010),films (0.005),account (0.006),directorial (0.005),discovery (0.006),made (0.006),itself (0.006),no (0.003),leads (0.006),tiresome (0.005),awful (0.005),angela (0.006),exactly (0.007),comic (0.006),against (0.005),fascinating (0.006),sweet (0.005),funny (0.003),should (0.008),despite (0.006),
filme (0.010),makes (0.005),behind (0.006),film (0.005),find (0.006),much (0.006),minutes (0.006),hard (0.003),meandering (0.006),too (0.005),between (0.005),anticatholic (0.006),melodrama (0.007),engrossing (0.006),allegory (0.005),carmen (0.006),allegiance (0.005),films (0.003),witty (0.008),guilty (0.006),
para (0.009),plain (0.005),clever (0.006),heroine (0.005),flick (0.006),parable (0.006),much (0.006),characters (0.003),more (0.006),better (0.005),cage (0.005),bogdanovich (0.006),movie (0.007),narrative (0.006),bear (0.005),documentary (0.006),boy (0.005),enough (0.002),playful (0.006),impressed (0.006),
da (0.007),real (0.005),every (0.006),kind (0.005),makes (0.006),dull (0.005),plays (0.006),theres (0.003),piece (0.006),characters (0.005),charisma (0.005),boy (0.006),report (0.007),sexy (0.006),bullets (0.005),indeed (0.006),breckin (0.005),movies (0.002),director (0.006),lovers (0.006),
mas (0.007),such (0.005),excellent (0.006),love (0.005),many (0.006),tedious (0.005),takes (0.006),been (0.003),triangle (0.006),david (0.005),clancy (0.005),entertainingly (0.006),retread (0.007),90 (0.005),city (0.005),ivans (0.006),brings (0.005),makes (0.002),films (0.006),made (0.006),
su (0.007),worth (0.005),lesson (0.006),machine (0.005),sade (0.006),amys (0.005),title (0.006),never (0.003),ugly (0.006),g (0.005),cliche (0.005),famous (0.006),was (0.007),actor (0.005),classic (0.005),no (0.006),cheesy (0.005),best (0.002),own (0.006),movie (0.006),
como (0.006),young (0.005),long (0.006),media (0.005),through (0.006),bad (0.005),youre (0.006),very (0.003),ultimately (0.006),h (0.005),completely (0.005),force (0.006),ya (0.007),are (0.005),disaster (0.005),once (0.006),cherry (0.005),never (0.002),performances (0.006),movies (0.006),
lo (0.006),code (0.004),pa (0.006),old (0.005),youll (0.006),best (0.005),dry (0.005),many (0.003),violence (0.006),human (0.005),drama (0.005),generation (0.006),strong (0.005),both (0.005),drew (0.005),portrait (0.006),cinema (0.005),been (0.002),pleasant (0.006),much (0.006),
no (0.006),drama (0.004),scotland (0.006),performances (0.005),poor (0.005),caper (0.005),horrible (0.005),plot (0.003),world (0.006),life (0.005),embodies (0.005),gheorghiu (0.006),1979 (0.004),construct (0.005),electric (0.005),star (0.006),close (0.005),may (0.002),premise (0.006),opera (0.006),
por (0.006),enough (0.004),dry (0.004),place (0.005),channel (0.004),cliches (0.005),melodramatic (0.005),films (0.003),boring (0.004),looks (0.005),finale (0.005),hate (0.006),451 (0.004),cowriter (0.005),elegiac (0.005),xtc (0.006),contest (0.005),director (0.002),rather (0.006),real (0.006),
cinta (0.005),gift (0.004),among (0.004),schmidt (0.005),director (0.004),crime (0.005),bit (0.005),nothing (0.003),formulaic (0.004),lucys (0.005),frenzy (0.005),i (0.006),alien (0.004),denis (0.005),freight (0.005),emotional (0.004),cut (0.005),very (0.002),smart (0.006),seems (0.006),
com (0.005),importance (0.004),case (0.004),script (0.005),fans (0.004),determination (0.005),dreary (0.005),silly (0.002),unsatisfying (0.004),machine (0.005),holm (0.005),line (0.006),attitude (0.004),devastating (0.005),french (0.005),memorable (0.004),director (0.005),love (0.002),tale (0.006),subjects (0.006),
nao (0.005),lives (0.004),cast (0.004),spiritual (0.005),feel (0.004),flick (0.005),every (0.005),movies (0.002),allusions (0.004),melodrama (0.005),john (0.005),lover (0.006),captivating (0.004),explicit (0.005),high (0.005),remarkable (0.004),effects (0.005),doesnt (0.002),vibrant (0.006),treat (0.006),
os (0.005),man (0.004),comedy (0.004),story (0.005),feels (0.004),has (0.005),girl (0.005),through (0.002),atlantic (0.004),might (0.005),loyal (0.005),maguire (0.006),cliches (0.004),flaccid (0.005),innercity (0.005),stunning (0.004),endearing (0.005),was (0.002),wife (0.006),violent (0.006),
pena (0.005),many (0.004),direction (0.004),tale (0.005),gets (0.004),kieslowskis (0.005),kind (0.005),comedy (0.002),attempts (0.004),no (0.005),manages (0.005),more (0.006),despite (0.004),frightening (0.005),jean (0.005),sweet (0.004),fan (0.005),while (0.002),brilliant (0.004),without (0.006),
se (0.005),more (0.004),films (0.004),things (0.005),is (0.004),movies (0.005),paean (0.005),dull (0.002),bad (0.004),santa (0.005),martin (0.005),pauly (0.006),deuces (0.004),functions (0.005),last (0.005),amusing (0.004),filmmakers (0.005),life (0.002),invigorating (0.004),deep (0.004),
uma (0.005),nothing (0.004),much (0.004),ultimately (0.005),marquis (0.004),result (0.005),bomb (0.003),something (0.002),been (0.004),should (0.005),order (0.005),police (0.006),end (0.004),genre (0.005),marshalls (0.005),arc (0.004),gentle (0.005),really (0.002),moving (0.004),fun (0.004),
amor (0.004),old (0.004),music (0.004),while (0.005),never (0.004),scams (0.005),bore (0.003),action (0.002),bottom (0.004),shows (0.005),pinnacle (0.005),pompous (0.006),face (0.004),gory (0.005),matter (0.005),attempt (0.004),gilliams (0.005),does (0.002),resonant (0.004),funny (0.004),
divertida (0.004),play (0.004),past (0.004),hard (0.003),off (0.004),sheer (0.005),confusing (0.003),doesnt (0.002),bring (0.004),was (0.005),plays (0.005),professor (0.006),fade (0.004),grace (0.005),may (0.005),before (0.004),himself (0.005),isnt (0.002),sweet (0.004),audience (0.004),
donde (0.004),sordid (0.004),pulp (0.004),predictable (0.003),perspective (0.004),soderberghs (0.005),tedious (0.003),long (0.002),brings (0.004),wells (0.005),realism (0.005),roberto (0.006),fast (0.004),impeccable (0.005),meets (0.005),bernard (0.004),kirshner (0.005),performances (0.002),actors (0.004),aura (0.004),
este (0.004),story (0.004),sense (0.004),slow (0.003),places (0.004),solaris (0.005),tiresome (0.003),every (0.002),compels (0.004),melodramatic (0.004),role (0.005),ruggero (0.006),has (0.004),inoffensive (0.005),portrait (0.005),between (0.004),may (0.005),made (0.002),alien (0.004),bettany (0.004),
historia (0.004),thing (0.004),stories (0.004),already (0.003),seem (0.004),steven (0.005),9 (0.003),few (0.002),detailed (0.004),obvious (0.004),sade (0.005),scandal (0.006),humor (0.004),libido (0.005),previous (0.005),de (0.004),michael (0.005),theres (0.002),alpha (0.004),blackandwhite (0.004),
las (0.004),watching (0.004),drab (0.003),anthony (0.003),show (0.004),within (0.005),ability (0.003),here (0.002),down (0.004),2 (0.003),social (0.005),shatner (0.006),imbued (0.004),malaise (0.005),remake (0.005),everyday (0.004),monty (0.005),through (0.002),anomie (0.004),charmless (0.004),
los (0.004),woman (0.004),tragic (0.003),bmovie (0.003),something (0.004),failure (0.003),adolescent (0.003),predictable (0.002),exhilarating (0.004),barely (0.003),through (0.005),shore (0.006),knees (0.004),melodrama (0.005),ridiculous (0.005),force (0.004),moores (0.005),people (0.002),around (0.004),collage (0.004),
momentos (0.004),yet (0.004),acting (0.003),brain (0.003),depressing (0.003),forced (0.003),along (0.003),minutes (0.002),few (0.004),book (0.003),ultimately (0.005),ties (0.006),lectures (0.004),minutes (0.005),silver (0.005),girl (0.004),nobrainer (0.005),fun (0.002),bardem (0.004),dance (0.004),
pero (0.004),little (0.003),actress (0.003),carefully (0.003),implausible (0.003),lacking (0.003),anne (0.003),enough (0.002),field (0.004),career (0.003),um (0.005),timely (0.006),monster (0.004),mostly (0.005),since (0.005),gothic (0.004),novel (0.005),something (0.002),desperate (0.004),endlessly (0.004),
ser (0.004),mediocre (0.003),adaptation (0.003),cast (0.003),melodramatic (0.003),angels (0.003),arts (0.003),still (0.002),film (0.004),cell (0.003),un (0.005),together (0.006),moviemaking (0.004),movie (0.005),spiritual (0.005),hope (0.004),open (0.005),bad (0.002),emotion (0.004),estrogen (0.004),
sin (0.004),obvious (0.003),american (0.003),chris (0.003),always (0.003),atmosphere (0.003),assembled (0.003),thing (0.002),frequent (0.004),chases (0.003),upbeat (0.005),tosca (0.006),performances (0.004),partnerships (0.005),stock (0.005),joke (0.004),orchard (0.005),those (0.002),few (0.004),free (0.004),
tiempo (0.004),poor (0.003),artist (0.003),christian (0.003),awkward (0.003),beneath (0.003),away (0.003),another (0.002),has (0.004),clause (0.003),vague (0.005),adult (0.003),pictures (0.004),peculiar (0.005),struggling (0.005),laughs (0.004),overlook (0.005),own (0.002),fine (0.004),grotesquely (0.004),
uno (0.004),acted (0.003),beyond (0.003),death (0.003),believe (0.003),captain (0.003),basketball (0.003),makes (0.002),howard (0.004),cliches (0.003),absorbing (0.003),astonishing (0.003),piece (0.004),sense (0.005),subject (0.005),material (0.004),presents (0.005),without (0.002),forget (0.004),inspires (0.004),
vez (0.004),actor (0.003),black (0.003),downbeat (0.003),ben (0.003),completely (0.003),biennial (0.003),may (0.002),imagine (0.004),convention (0.003),current (0.003),beautifully (0.003),retro (0.004),sexually (0.005),teen (0.005),mistake (0.004),project (0.005),better (0.002),group (0.004),leaves (0.004),
bien (0.003),actual (0.003),change (0.003),encouraging (0.003),bike (0.003),connoisseurs (0.003),bodiceripper (0.003),made (0.002),killing (0.004),cowriter (0.003),engrossing (0.003),brilliant (0.003),screenplay (0.004),sham (0.005),threatening (0.005),opportunity (0.004),puppet (0.005),drama (0.002),groups (0.004),lee (0.004),
drama (0.003),aggravating (0.003),childlike (0.003),ending (0.003),celluloid (0.003),dead (0.003),boy (0.003),those (0.002),kiss (0.004),deliver (0.003),fun (0.003),cinematic (0.003),smoke (0.004),superlative (0.005),train (0.005),oscarworthy (0.004),seem (0.005),both (0.001),ideas (0.004),malcolm (0.004),
E (0.003),alan (0.003),competent (0.003),enough (0.003),chan (0.003),deadly (0.003),castro (0.003),was (0.002),liven (0.004),directed (0.003),original (0.003),deep (0.003),spirited (0.004),surprises (0.005),treasure (0.005),pictures (0.004),session (0.005),should (0.001),laughs (0.004),male (0.004),
era (0.003),badly (0.003),comprehension (0.003),eyeballs (0.003),chans (0.003),double (0.003),character (0.003),big (0.002),nicely (0.004),dismissed (0.003),pure (0.003),exciting (0.003),stooping (0.004),testud (0.005),vincents (0.005),rare (0.004),shes (0.005),off (0.001),less (0.004),mcdowell (0.004),
mais (0.003),becomes (0.003),craft (0.003),french (0.003),chemistry (0.003),else (0.003),cliche (0.003),really (0.002),philosophy (0.004),face (0.003),absolutely (0.003),honest (0.003),summer (0.004),thoughtprovoking (0.005),wertmullers (0.005),reality (0.004),should (0.005),still (0.001),meetcute (0.004),mostly (0.004),
ni (0.003),begins (0.003),despair (0.003),got (0.003),comes (0.003),eventually (0.003),comedy (0.003),right (0.002),pool (0.004),familiar (0.003),accompanied (0.003),ironic (0.003),themes (0.004),unmemorable (0.005),wise (0.005),refreshingly (0.004),terry (0.005),great (0.001),plot (0.004),muse (0.004),
nos (0.003),better (0.003),deteriorates (0.003),grave (0.003),couldnt (0.003),excitement (0.003),courage (0.003),thats (0.002),posturing (0.004),fax (0.003),addresses (0.003),legendary (0.003),todd (0.004),based (0.003),astonishing (0.003),rose (0.004),through (0.005),being (0.001),pretensions (0.004),paul (0.004),
pues (0.003),builds (0.003),dialogue (0.003),hatred (0.003),creates (0.003),filled (0.003),disney (0.003),while (0.002),purposeless (0.004),find (0.003),album (0.003),strong (0.003),undeniably (0.004),delightful (0.003),compelling (0.003),script (0.004),vein (0.005),though (0.001),replaced (0.004),playing (0.004),
si (0.003),chilly (0.003),directing (0.003),heart (0.003),emotions (0.003),hollywood (0.003),flee (0.003),boring (0.002),replaced (0.004),found (0.003),alma (0.003),wellpaced (0.003),whether (0.004),entertaining (0.003),conversational (0.003),seasoned (0.004),voice (0.005),cast (0.001),revenge (0.004),pretty (0.004),
sobre (0.003),comedy (0.003),does (0.003),hopkins (0.003),ends (0.003),honesty (0.003),future (0.003),feels (0.002),saga (0.004),george (0.003),americans (0.003),127 (0.003),wild (0.004),extraordinary (0.003),futuristic (0.003),sequel (0.004),comic (0.003),thats (0.001),rules (0.004),sent (0.004),
tambem (0.003),cool (0.003),domestic (0.003),hypnotically (0.003),every (0.003),hook (0.003),hideous (0.003),life (0.002),sense (0.004),golden (0.003),amid (0.003),act (0.003),yet (0.004),intelligent (0.003),historical (0.003),sketchy (0.004),creative (0.003),performance (0.001),seldahl (0.004),serves (0.004),
tan (0.003),dead (0.003),drumming (0.003),i (0.003),fantasy (0.003),idiotic (0.003),included (0.003),off (0.002),serial (0.004),greatgrandson (0.003),andre (0.003),adequately (0.003),ambitious (0.002),memorable (0.003),nonstop (0.003),soundtrack (0.004),fresh (0.003),every (0.001),souls (0.004),sickeningly (0.004),
tiene (0.003),deeper (0.003),earnest (0.003),intimate (0.003),genuine (0.003),impressive (0.003),indulgence (0.003),should (0.002),slick (0.004),hollywood (0.003),antiharry (0.003),alzheimers (0.003),breathtaking (0.002),pure (0.003),profound (0.003),southern (0.004),funny (0.003),might (0.001),sum (0.004),slyly (0.004),
triste (0.003),director (0.003),entirely (0.003),leather (0.003),gloss (0.003),including (0.003),interested (0.003),feel (0.002),somewhat (0.004),instead (0.003),anxieties (0.003),antiwar (0.003),fascinating (0.002),resonant (0.003),pure (0.003),story (0.004),memorable (0.003),big (0.001),sven (0.004),spirit (0.004),
vale (0.003),displays (0.003),feels (0.003),meaning (0.003),grows (0.003),incredibly (0.003),john (0.003),own (0.002),somewhere (0.004),jargon (0.003),apology (0.003),backdrop (0.003),imaginative (0.002),revealing (0.003),unforgettable (0.003),stuttering (0.004),sad (0.003),such (0.001),together (0.004),theater (0.004),
ver (0.003),distant (0.003),fiction (0.003),ms (0.003),hewitt (0.003),initial (0.003),laugh (0.003),obvious (0.002),soulsearching (0.004),kevin (0.003),audienceabuse (0.003),baremidriff (0.003),playful (0.002),romantic (0.003),10yearold (0.002),tour (0.004),1975 (0.002),audience (0.001),under (0.004),thought (0.004),
superficial (0.002),earnest (0.003),filling (0.003),natural (0.003),i (0.003),isnt (0.003),lavishly (0.003),best (0.002),starts (0.004),mad (0.003),auteil (0.003),benoit (0.003),powerful (0.002),rousing (0.003),14yearold (0.002),trenchant (0.004),1997 (0.002),between (0.001),viveka (0.004),tosca (0.004),
acaba (0.002),easy (0.003),fluffy (0.003),nicholson (0.003),jennifer (0.003),jackasses (0.003),left (0.003),script (0.002),stories (0.004),maniac (0.003),authentically (0.003),blackowned (0.003),refined (0.002),touching (0.003),33yearold (0.002),uneasily (0.004),26 (0.002),humor (0.001),watch (0.004),treats (0.004),
actuada (0.002),especially (0.003),game (0.003),offer (0.003),joie (0.003),john (0.003),light (0.003),times (0.002),street (0.004),mans (0.003),ayatollah (0.003),blast (0.003),refreshing (0.002),visual (0.003),6yearold (0.002),vehicle (0.004),absence (0.002),nothing (0.001),wollter (0.004),upon (0.004),
al (0.002),fable (0.003),heavyhanded (0.003),propaganda (0.003),lack (0.003),life (0.003),max (0.003),slow (0.002),talks (0.004),mary (0.003),baffle (0.003),bright (0.003),resonant (0.002),accomplishment (0.003),abderrahmane (0.002),veterans (0.004),abundance (0.002),action (0.001),artistic (0.002),wartorn (0.004),
ao (0.002),fictional (0.003),helped (0.003),quest (0.003),lifetime (0.003),line (0.003),mile (0.003),better (0.002),theme (0.004),may (0.003),basically (0.003),broomfield (0.003),touching (0.002),aesthetically (0.003),abused (0.002),wild (0.004),actionpacked (0.002),ever (0.001),based (0.002),wedding (0.004),
apenas (0.002),firsttime (0.003),here (0.003),quinn (0.003),lives (0.003),lot (0.003),nba (0.003),does (0.002),things (0.004),movie (0.003),bawdy (0.003),canines (0.003),1984 (0.002),affected (0.003),acid (0.002),adult (0.002),admirer (0.002),kind (0.001),cinematic (0.002),witch (0.004),
apuestas (0.002),following (0.003),history (0.003),radiant (0.003),made (0.003),macabre (0.003),nice (0.003),far (0.002),tv (0.004),much (0.003),belo (0.003),casting (0.003),allaround (0.002),aimlessly (0.003),actionadventure (0.002),beautifully (0.002),adolescent (0.002),many (0.001),colorful (0.002),women (0.004),
aunque (0.002),foster (0.003),illfitting (0.003),rock (0.003),manhattan (0.003),menace (0.003),nonsense (0.003),might (0.002),typical (0.004),nature (0.003),besco (0.003),catholic (0.003),alleged (0.002),among (0.003),african (0.002),enchanted (0.002),aggressiveness (0.002),plot (0.001),convincing (0.002),xxx (0.004),
buen (0.002),function (0.003),impossibly (0.003),screenwriting (0.003),meticulously (0.003),mesmerizing (0.003),nor (0.003),being (0.002),while (0.004),performance (0.003),blethyn (0.003),cavaradossi (0.003),antique (0.002),arrived (0.003),albeit (0.002),imaginative (0.002),allpowerful (0.002),sense (0.001),delightful (0.002),brilliant (0.002),
cine (0.002),god (0.003),lead (0.003),simply (0.003),mournful (0.003),money (0.003),originality (0.003),rather (0.002),whose (0.004),perhaps (0.003),bloodsplattering (0.003),celebstrewn (0.003),assistant (0.002),audacious (0.003),altmans (0.002),inspirational (0.002),american (0.002),world (0.001),emotional (0.002),contemplative (0.002),
cinema (0.002),goes (0.003),life (0.003),slambang (0.003),mtv (0.003),paced (0.003),overly (0.003),almost (0.001),wit (0.004),phone (0.003),bogged (0.003),chief (0.003),autocritique (0.002),b (0.003),ambitiously (0.002),intelligent (0.002),anton (0.002),another (0.001),fascinating (0.002),creative (0.002),
cintas (0.002),hollywood (0.003),many (0.003),sloppy (0.003),need (0.003),pacing (0.003),overwrought (0.003),audience (0.001),banal (0.002),potential (0.003),boot (0.003),chorus (0.003),ballerinas (0.002),barrage (0.003),artiste (0.002),original (0.002),argento (0.002),seems (0.001),fun (0.002),exquisite (0.002),
clasico (0.002),imagine (0.003),numbness (0.003),someone (0.003),notorious (0.003),pastiche (0.003),precious (0.003),less (0.001),common (0.002),quaint (0.003),bowel (0.003),civil (0.003),barkingmad (0.002),beau (0.003),assailants (0.002),powerful (0.002),babbitts (0.002),character (0.001),insightful (0.002),graphic (0.002),
cliches (0.002),incapable (0.003),oozes (0.003),stereotypical (0.003),outrageous (0.003),philosophical (0.003),rhythm (0.003),ultimately (0.001),crude (0.002),ritchie (0.003),brits (0.003),college (0.003),barscrapping (0.002),beentolda (0.003),autistic (0.002),resonant (0.002),base (0.002),dont (0.001),offbeat (0.002),gripping (0.002),
con (0.002),interminably (0.003),play (0.003),streets (0.003),pap (0.003),pointless (0.003),same (0.003),were (0.001),depressing (0.002),s (0.003),burntout (0.003),constitutes (0.003),base (0.002),bigotries (0.003),barrett (0.002),sad (0.002),bassheavy (0.002),less (0.001),2001 (0.002),intelligent (0.002),
consegue (0.002),kinnears (0.003),pore (0.003),such (0.003),pathetically (0.003),shots (0.003),seduced (0.003),acting (0.001),disappointing (0.002),sake (0.003),cable (0.003),conveys (0.003),battling (0.002),bisset (0.003),barrymore (0.002),satirical (0.002),bean (0.002),entertaining (0.001),20thcentury (0.002),interesting (0.002),
curiosa (0.002),laughter (0.003),project (0.003),suggests (0.003),peep (0.003),sight (0.003),selfindulgent (0.003),gets (0.001),dreadful (0.002),shame (0.003),caddyshack (0.003),corruption (0.003),beaut (0.002),blues (0.003),befits (0.002),worthwhile (0.002),beats (0.002),heart (0.001),3 (0.002),memorable (0.002),
desta (0.002),least (0.003),quality (0.003),tales (0.003),repeatedly (0.003),slip (0.003),sinister (0.003),kind (0.001),dry (0.002),social (0.003),campbell (0.003),couldnt (0.003),bedside (0.002),bluffs (0.003),belongs (0.002),activities (0.002),benigni (0.002),long (0.001),34th (0.002),mysterious (0.002),
direcao (0.002),longer (0.003),rap (0.003),titles (0.003),rosecolored (0.003),surface (0.003),soul (0.003),lot (0.001),dull (0.002),something (0.003),captions (0.003),cruelty (0.003),bees (0.002),boldly (0.003),biggest (0.002),actorish (0.002),bjorkness (0.002),down (0.001),actual (0.002),relevant (0.002),
diretor (0.002),lowkey (0.003),recipe (0.003),wonder (0.003),seems (0.003),talent (0.003),standard (0.003),performances (0.001),hollow (0.002),sound (0.003),carre (0.003),damsels (0.003),belief (0.002),boni (0.003),blandness (0.002),adore (0.002),bled (0.002),tale (0.001),advert (0.002),sexy (0.002),
ejemplo (0.002),marvelous (0.003),references (0.003),words (0.003),short (0.003),title (0.003),streak (0.003),quite (0.001),irritating (0.002),still (0.003),casey (0.003),dangerous (0.003),bet (0.002),brain (0.003),bo (0.002),adultery (0.002),blownout (0.002),interesting (0.001),advises (0.002),thoughtful (0.002),
elemento (0.002),merge (0.003),satire (0.003),worlds (0.003),sitting (0.003),ugly (0.003),substance (0.003),seem (0.001),lackluster (0.002),stuart (0.003),casual (0.003),dazzling (0.003),bettanymcdowells (0.002),byzantine (0.003),bolero (0.002),african (0.002),blutarsky (0.002),cant (0.001),ahhhh (0.002),1983s (0.002),
espectador (0.002),merry (0.003),smile (0.003),youngsters (0.003),situations (0.003),waiting (0.003),teens (0.003),youre (0.001),mediocre (0.002),study (0.003),caviezel (0.003),delicacy (0.003),bfilm (0.002),cannibal (0.003),boogaloo (0.002),ahem (0.002),bluto (0.002),feels (0.001),airhead (0.002),1988s (0.002),
experiencia (0.002),might (0.003),special (0.003),average (0.002),soon (0.003),wit (0.003),theres (0.003),actors (0.001),silly (0.002),thats (0.003),channels (0.003),deliver (0.003),book (0.002),category (0.003),bordering (0.002),allamerican (0.002),booming (0.002),years (0.001),alcatraz (0.002),1995 (0.002),
fato (0.002),nearmasterpiece (0.003),surface (0.003),banal (0.002),squander (0.003),common (0.002),thing (0.003),dialogue (0.001),absurdist (0.002),u (0.003),characteristically (0.003),despairing (0.003),borders (0.002),character (0.003),botched (0.002),anchor (0.002),boots (0.002),picture (0.001),always (0.002),achronological (0.002),
genero (0.002),often (0.003),terror (0.003),childish (0.002),stars (0.003),contrived (0.002),those (0.003),director (0.001),absurdly (0.002),using (0.003),cliques (0.003),director (0.003),bracing (0.002),childcentered (0.003),brothers (0.002),apolitical (0.002),british (0.002),screen (0.001),angels (0.002),admit (0.002),
gracias (0.002),oneofakind (0.003),tone (0.003),common (0.002),still (0.003),dry (0.002),though (0.003),dont (0.001),aging (0.002),weirdness (0.003),cold (0.003),disease (0.003),brainless (0.002),christine (0.003),browning (0.002),archives (0.002),brought (0.002),documentary (0.001),arch (0.002),adoring (0.002),
gran (0.002),otherwise (0.003),vanity (0.003),contrived (0.002),survive (0.003),empty (0.002),thriller (0.003),ever (0.001),airborne (0.002),wishywashy (0.003),coldly (0.003),disguise (0.003),bronx (0.002),claustrophobic (0.003),bruising (0.002),artfully (0.002),brulee (0.002),often (0.001),argues (0.002),aesthetic (0.002),
hace (0.002),parker (0.003),very (0.003),frustrating (0.002),testimonial (0.003),hard (0.002),unwieldy (0.003),great (0.001),alarms (0.002),word (0.003),college (0.003),disobedience (0.003),bruckheimers (0.002),confidently (0.003),bugeyed (0.002),asit (0.002),bunuels (0.002),script (0.001),arithmetic (0.002),allow (0.002),
interesante (0.002),paths (0.003),weak (0.003),juvenile (0.002),uncovers (0.003),obvious (0.002),verbally (0.003),pretty (0.001),ali (0.002),worthy (0.003),colonel (0.003),dog (0.003),bullfighters (0.002),consistently (0.003),burdettes (0.002),asnasty (0.002),cacoyannis (0.002),yet (0.001),articulates (0.002),although (0.002),
interesantes (0.002),pity (0.003),werent (0.003),thin (0.002),utter (0.003),poor (0.002),warmth (0.003),both (0.001),although (0.002),yawnprovoking (0.003),combines (0.003),donna (0.003),calculating (0.002),context (0.003),burnss (0.002),aspects (0.002),cagney (0.002),real (0.001),avis (0.002),americanrussian (0.002),
liquido (0.002),rare (0.003),where (0.003),tragic (0.002),visceral (0.003),preachy (0.002),whats (0.003),despite (0.001),animator (0.002),common (0.002),comically (0.003),ebullient (0.003),cant (0.002),continual (0.003),cafes (0.002),assimilated (0.002),call (0.002),thriller (0.001),bartleby (0.002),among (0.002),
logra (0.002),rather (0.003),average (0.002),unimaginative (0.002),vivre (0.003),selfabsorbed (0.002),whole (0.003),end (0.001),apparently (0.002),dreadful (0.002),commentary (0.003),efficiency (0.003),capacity (0.002),controversy (0.003),cantet (0.002),associate (0.002),cartoons (0.002),were (0.001),beallendall (0.002),anachronistic (0.002),
mejor (0.002),relationship (0.003),gimmicky (0.002),waste (0.002),average (0.002),sentimentalized (0.002),why (0.003),humor (0.001),appearance (0.002),flawed (0.002),compared (0.003),enabling (0.003),certain (0.002),cracks (0.003),captures (0.002),audienceas (0.002),casings (0.002),original (0.001),belonged (0.002),angelique (0.002),
mismo (0.002),seem (0.003),hard (0.002),abundant (0.002),boring (0.002),silly (0.002),wide (0.003),isnt (0.001),arkansas (0.002),forced (0.002),compensate (0.003),establishment (0.003),chao (0.002),customarily (0.003),castle (0.002),automatic (0.002),catechism (0.002),feel (0.001),beta (0.002),antagonism (0.002),
momento (0.002),sees (0.003),hollow (0.002),accent (0.002),conceited (0.002),slow (0.002),yellow (0.003),itself (0.001),autopsy (0.002),grating (0.002),conducted (0.003),fandango (0.003),chen (0.002),debut (0.003),centers (0.002),bibbidybobbidibland (0.002),catholics (0.002),full (0.001),bierbichler (0.002),antiadult (0.002),
na (0.002),settings (0.003),obvious (0.002),ache (0.002),contrived (0.002),tasteless (0.002),boring (0.002),people (0.001),backrooms (0.002),predictable (0.002),conquers (0.003),fine (0.003),china (0.002),decadent (0.003),ceos (0.002),bickering (0.002),changer (0.002),human (0.001),bleibtreu (0.002),antidote (0.002),
ofrece (0.002),sharp (0.003),offensive (0.002),actionthriller (0.002),drab (0.002),unconvincing (0.002),depressing (0.002),seen (0.001),balancing (0.002),1960 (0.002),continues (0.003),floria (0.003),churns (0.002),deficit (0.003),chateau (0.002),binoches (0.002),cheap (0.002),american (0.001),boilerplate (0.002),armageddon (0.002),
parodia (0.002),shocked (0.003),predictable (0.002),adobo (0.002),dull (0.002),underwhelming (0.002),disjointed (0.002),drama (0.001),barbarism (0.002),21st (0.002),corniness (0.003),formuliac (0.003),cigarette (0.002),denizens (0.003),chelseas (0.002),biopic (0.002),chekhov (0.002),here (0.001),brand (0.002),atonal (0.002),
partir (0.002),should (0.003),waste (0.002),affluent (0.002),grating (0.002),uninspired (0.002),hard (0.002),kids (0.001),barrel (0.002),2s (0.002),couple (0.003),freezers (0.003),collateral (0.002),dismantle (0.003),coast (0.002),birds (0.002),chekhovs (0.002),hollywood (0.001),brecht (0.002),autocritique (0.002),
